{
  "modelVersion": "social_graphsage_v1_exported",
  "inputDim": 8,
  "hiddenDim": 8,
  "outputDim": 1,
  "featureOrder": [
    "transactionVolumeNorm",
    "transactionFrequencyNorm",
    "onTimeRatio",
    "lateRatio",
    "defaultRatio",
    "repaymentDensity",
    "degreeCentrality",
    "weightedDegreeNorm"
  ],
  "selfWeight1": [
    [
      -0.32922232151031494,
      -0.010198172181844711,
      -0.11857433617115021,
      0.35456112027168274,
      0.20846697688102722,
      -0.26410460472106934,
      0.24308550357818604,
      0.1761483997106552
    ],
    [
      -0.38681909441947937,
      0.13778813183307648,
      -0.34960299730300903,
      0.13030391931533813,
      -0.06312981247901917,
      0.12607550621032715,
      0.2548168897628784,
      0.2545629143714905
    ],
    [
      0.06552417576313019,
      0.32620009779930115,
      0.22171196341514587,
      0.06974895298480988,
      -0.10643069446086884,
      0.2736383378505707,
      0.25835299491882324,
      -0.08418891578912735
    ],
    [
      -0.11318409442901611,
      0.39417409896850586,
      -0.35775071382522583,
      -0.2395036816596985,
      -0.021538779139518738,
      -0.33281663060188293,
      0.03968453034758568,
      -0.12759371101856232
    ],
    [
      0.10253612697124481,
      0.21402736008167267,
      0.1328229159116745,
      0.0785311758518219,
      0.7520879507064819,
      0.08210483193397522,
      -0.17949683964252472,
      -0.038326114416122437
    ],
    [
      -0.32637327909469604,
      -0.2164219468832016,
      0.041526615619659424,
      -0.06517178565263748,
      0.4103851914405823,
      0.1826263964176178,
      0.09012411534786224,
      -0.0718165785074234
    ],
    [
      0.2271682322025299,
      0.1483641415834427,
      0.030842170119285583,
      -0.11296728253364563,
      -0.05161360651254654,
      0.06410306692123413,
      0.0027137123979628086,
      0.03585425764322281
    ],
    [
      -0.29528138041496277,
      -0.10121311247348785,
      -0.27096274495124817,
      0.33688220381736755,
      0.008589638397097588,
      -0.12589596211910248,
      -0.046779878437519073,
      0.04924355819821358
    ]
  ],
  "neighWeight1": [
    [
      -0.15155404806137085,
      0.13167141377925873,
      -0.4439392387866974,
      0.12703555822372437,
      0.1065685823559761,
      -0.10506495833396912,
      0.2676401138305664,
      0.08374157547950745
    ],
    [
      0.08323682099580765,
      -0.0028352688532322645,
      0.1406097263097763,
      0.3153899908065796,
      -0.23687979578971863,
      0.21824410557746887,
      -0.16364124417304993,
      0.2827850878238678
    ],
    [
      0.19158592820167542,
      0.33027422428131104,
      0.17182140052318573,
      0.18671350181102753,
      0.0010107728885486722,
      -0.11341318488121033,
      0.33305537700653076,
      -0.08929376304149628
    ],
    [
      0.1271631121635437,
      -0.034493882209062576,
      0.03127830848097801,
      0.16638733446598053,
      -0.10360578447580338,
      -0.2593289613723755,
      0.25908079743385315,
      -0.05147659406065941
    ],
    [
      -0.34762364625930786,
      -0.3155558705329895,
      -0.32873836159706116,
      -0.13015224039554596,
      -0.09063965082168579,
      -0.062374845147132874,
      0.1742124706506729,
      -0.08139058947563171
    ],
    [
      -0.24849355220794678,
      0.21630746126174927,
      -0.4310119152069092,
      -0.2915847599506378,
      0.17656749486923218,
      -0.17136768996715546,
      -0.32864293456077576,
      -0.34565213322639465
    ],
    [
      -0.09204664081335068,
      -0.07810989022254944,
      -0.3833126127719879,
      -0.29536670446395874,
      -0.28833118081092834,
      -0.10815684497356415,
      0.33110174536705017,
      0.12665502727031708
    ],
    [
      0.3056614398956299,
      0.0096632931381464,
      0.1713661402463913,
      -0.37335750460624695,
      0.07911715656518936,
      -0.33654847741127014,
      -0.09727697819471359,
      -0.3983827829360962
    ]
  ],
  "bias1": [
    -0.35709449648857117,
    -0.03138187527656555,
    0.20095181465148926,
    0.19285450875759125,
    0.05710246041417122,
    -0.21313969790935516,
    -0.1229882538318634,
    -0.3648343086242676
  ],
  "selfWeight2": [
    [
      -0.1495198905467987,
      -0.1154591515660286,
      0.2842882573604584,
      -0.10954198241233826,
      -0.10683344304561615,
      0.2770231068134308,
      -0.09621655941009521,
      0.16333356499671936
    ],
    [
      0.21370217204093933,
      0.21424858272075653,
      0.30748334527015686,
      0.2999093532562256,
      0.14392860233783722,
      -0.1864919513463974,
      0.2694242596626282,
      -0.08424943685531616
    ],
    [
      -0.022717781364917755,
      -0.14185816049575806,
      -0.07283266633749008,
      -0.20074300467967987,
      -0.18765689432621002,
      0.15092158317565918,
      0.01309169176965952,
      -0.20270214974880219
    ],
    [
      -0.07119781523942947,
      -0.18073800206184387,
      -0.38330551981925964,
      0.2896600365638733,
      0.15969708561897278,
      0.014825877733528614,
      -0.25072845816612244,
      -0.12798640131950378
    ],
    [
      0.31291675567626953,
      -0.05169600620865822,
      -0.2576150596141815,
      -0.16300570964813232,
      0.201214998960495,
      0.05277225375175476,
      -0.02001437544822693,
      0.31524744629859924
    ],
    [
      0.12313926219940186,
      -0.12930281460285187,
      0.09000140428543091,
      0.005410755053162575,
      -0.17223162949085236,
      0.06827965378761292,
      0.08489596843719482,
      0.3022116720676422
    ],
    [
      0.3190727233886719,
      -0.21364466845989227,
      0.32563936710357666,
      -0.004268919583410025,
      -0.32471200823783875,
      0.32341325283050537,
      0.08873240649700165,
      0.3775237202644348
    ],
    [
      -0.115865558385849,
      0.21349646151065826,
      -0.04469124972820282,
      0.09826114028692245,
      0.2836303412914276,
      0.07494005560874939,
      -0.24996787309646606,
      0.2585613429546356
    ]
  ],